{"Embedding Loss": 0.12825384736061096, "_timestamp": 1711281478.495759, "_runtime": 268.81730794906616, "_step": 749, "Supervised Loss": 0.004420273005962372, "Discriminator Loss": 1.0729745626449585, "Generator Loss": 0.8782880306243896}